student_id,attendance_category,Civic_Education_avg,Religion_Studies_avg,History_avg,Computer_Science_avg,Mathematics_avg,Economics_avg,Visual_Art_avg,Data_Processing_avg,Fisheries_avg,English_avg,Biology_avg,Yoruba_avg,Agricultural_Science_avg,Chemistry_avg,Government_avg,Literature_in_English_avg,Physics_avg,Commerce_avg,Financial_Accounting_avg,Geography_avg,Fine_Arts_avg,Further_Mathematics_avg,Marketing_avg
1,Medium,51.875,0,0,68,51.625,0,0,60.75,0,53.875,70.375,71.25,55.125,53.5,0,0,66,0,0,0,0,0,0
2,High,0,0,0,0,55.5,51.375,54.75,61.875,60,55.25,0,0,53.125,62,0,0,48.75,0,0,0,0,0,0
3,High,63,0,0,52.625,57.75,0,0,62.75,0,65.375,0,53.375,56,58.625,0,0,53.5,0,0,0,0,63,0
4,Medium,0,0,0,51.25,48.625,0,49.5,56.625,0,54,0,0,55.5,45.5,0,0,53.875,0,0,0,0,0,0
5,High,0,0,0,66.375,57.125,0,0,56.875,53.375,57.75,54.625,62.25,0,58.75,0,0,59.5,0,0,0,0,0,0
6,Low,0,0,0,0,60.125,0,0,56.25,0,69.5,54.25,62.5,0,64.75,0,0,48.25,0,0,0,0,0,0
7,High,57.875,0,0,46,62.375,0,0,59.375,56.625,50.125,63.875,0,0,61.125,0,0,52.375,0,0,0,0,0,0
8,Medium,53.75,0,0,0,59.75,45.625,0,63,0,54.875,66,0,0,55.25,0,0,51.25,0,0,0,0,57.125,0
9,Medium,50.5,0,0,58.125,64.125,0,50.75,58.375,0,54.125,0,47.75,0,61.875,0,0,59.75,0,0,0,0,0,0
10,High,46.75,0,0,0,62,0,56.5,59.875,0,60.125,0,0,0,39.625,0,0,52.25,0,0,0,0,53.25,0
11,Medium,59.375,0,0,0,48.375,64.5,0,57.875,60.75,52.75,0,0,0,63.125,0,0,52.625,0,0,0,0,0,0
12,High,0,0,0,0,67.875,0,0,59.875,0,59.375,51.25,0,68.375,60.75,0,0,67.5,0,0,0,0,67.125,0
13,High,0,0,0,46.25,40.75,0,49.375,58.75,0,45.125,0,52.125,0,47,0,0,51.5,0,0,0,0,51.5,0
14,High,0,0,0,0,52.625,0,49.625,60.625,0,43.5,0,55.875,0,42.625,0,0,56.5,0,0,0,0,52.75,0
15,High,60.625,0,0,0,63.75,0,57.625,56.75,60.875,67.75,0,0,0,74.875,0,0,67.375,0,0,0,0,68.25,0
16,Medium,0,0,0,63.75,71.125,0,69.625,58.25,0,63.125,67.625,0,0,62.875,0,0,77.5,0,0,0,0,63.375,0
17,Medium,0,0,0,68.5,68.625,0,71.625,63.25,66.375,74.125,0,0,0,67.875,0,0,71.75,0,0,0,0,67.625,0
18,Medium,45,0,0,0,38.625,0,41.25,57.375,0,42,0,0,49.625,41.375,0,0,40.75,0,0,0,0,0,0
19,High,0,0,0,57.5,77.75,67.5,0,62.125,64,66,64.375,0,0,61.375,0,0,73.875,0,0,0,0,0,0
20,Medium,68.75,0,0,0,63.5,62.125,62.125,62.75,0,60.5,0,0,0,68.25,0,0,62.75,0,0,0,0,0,0
21,High,0,0,0,0,48.625,56.125,0,62.25,0,41.5,53.5,51.375,43.375,51.5,0,0,47.375,0,0,0,0,0,0
22,Medium,0,0,0,46.875,49.875,0,0,57.25,0,45.125,0,39.25,48.75,47.125,0,0,46.125,0,0,0,0,0,0
23,High,53.875,0,0,46.875,43.375,0,0,59.75,44.125,46.375,0,0,45.625,52,0,0,51.125,0,0,0,0,0,0
24,High,0,0,0,53.75,48.25,50.375,0,60,43,44.125,0,0,51.875,40.875,0,0,46.375,0,0,0,0,0,0
25,Medium,0,0,0,0,48,50.625,0,60.125,0,42.625,46.75,0,45.5,44.125,0,0,47.25,0,0,0,0,56.75,0
26,High,59,0,0,0,46,56,57.75,58.125,0,48.125,56.625,0,53.5,47.625,0,0,47.375,0,0,0,0,0,0
27,High,69.125,0,0,66.875,76,0,66.875,59.375,0,69.25,64.125,0,63.625,67.5,0,0,67.625,0,0,0,0,0,0
28,Medium,0,0,0,66.625,65.625,60.875,0,62.25,0,59.75,0,0,0,66,0,0,66.625,0,0,0,0,59.125,0
29,High,0,0,0,0,69.875,0,70.5,61.75,0,52.75,64,0,56.75,70.125,0,0,60.75,0,0,0,0,0,0
30,Medium,50.625,0,0,0,49.125,0,0,60.125,48.25,57,42.125,0,0,49.75,0,0,47.625,0,0,0,0,0,0
31,Medium,48.25,0,0,44.75,47.25,0,0,63.5,48.875,45.125,0,0,0,48.875,0,0,48.75,0,0,0,0,48.875,0
32,High,0,0,0,62.875,59.5,0,68.625,58.75,58.875,60.125,0,0,0,67.75,0,0,68.125,0,0,0,0,0,0
33,Medium,0,0,0,0,49,0,0,63.125,45.125,49,49.125,0,47.875,45.875,0,0,52.875,0,0,0,0,0,0
34,Medium,0,0,0,58,59.125,0,49.875,61.125,67.625,71.25,0,57.625,49.125,65.375,0,0,62.25,0,0,0,0,0,0
35,High,0,0,0,44.625,42,0,0,58.25,40.5,47.25,0,0,0,46,0,0,55.625,0,0,0,0,44.75,0
36,Medium,62.375,0,0,62.125,59.375,0,0,59.875,58.375,67.125,0,75.625,0,55.5,0,0,62.375,0,0,0,0,0,0
37,High,0,0,0,0,51.125,0,48.875,60.375,47.25,48.75,0,57.125,46.75,52,0,0,51.875,0,0,0,0,0,0
38,High,0,0,0,0,73.375,0,0,62.5,66.5,64.125,70.25,62,0,60.75,0,0,61,0,0,0,0,66.875,0
39,High,53.875,0,0,0,46,48.375,49,61.375,0,46.25,0,58.75,0,51.375,0,0,52.5,0,0,0,0,0,0
40,Medium,67.75,0,0,0,73.625,64,0,59.625,0,61.625,0,67,0,66.375,0,0,72.25,0,0,0,0,0,0
41,Medium,70.375,0,0,72.625,66.5,0,60.875,60.75,0,66.375,0,0,0,68.375,0,0,62.875,0,0,0,0,0,0
42,Medium,66.125,0,0,0,60,68.25,0,57.625,0,56.625,0,0,0,62.625,0,0,65,0,0,0,0,0,0
43,Medium,61,0,0,0,65.75,0,71.875,55.25,0,61.875,0,62.875,67.375,66,0,0,66.375,0,0,0,0,0,0
44,High,0,0,0,52.375,47.75,44.625,0,58,50,47.875,0,0,0,45.875,0,0,49.375,0,0,0,0,48.5,0
45,High,68.25,0,0,0,66.75,58.375,0,57,0,60.125,71.125,0,0,71,0,0,67.625,0,0,0,0,0,0
46,Medium,0,0,0,0,45.75,0,43.5,54.375,41.875,35,0,0,0,46.75,0,0,46.125,0,0,0,0,0,0
47,High,0,0,0,0,46.25,0,0,60.75,0,39.625,44,0,46.5,40.75,0,0,43,0,0,0,0,0,0
48,Medium,42.625,0,0,40.375,40.875,0,0,60.75,0,43.5,45.875,0,0,39.375,0,0,37.625,0,0,0,0,0,0
49,High,0,0,0,0,71.125,0,0,58.375,56.75,63.875,0,65.375,0,68.875,0,0,65.5,0,0,0,0,72.125,0
50,High,47.25,0,0,0,43.875,0,48.375,62,45,42.875,0,48.5,0,44.5,0,0,46.375,0,0,0,0,0,0
51,Medium,69.5,0,0,70.75,70,0,0,57.875,0,63.875,0,61.75,0,62.875,0,0,64.625,0,0,0,0,0,0
52,High,45.125,0,0,0,45.375,0,0,59.75,0,47.375,0,42.875,43.25,42.75,0,0,45.75,0,0,0,0,0,0
53,High,45.5,0,0,0,45.25,0,0,59.75,46,41.875,53.5,0,0,46.5,0,0,45,0,0,0,0,0,0
54,Medium,0,0,0,0,47.5,0,48.5,62.625,40.75,44.625,0,40.875,50.5,43.5,0,0,48.625,0,0,0,0,0,0
55,High,47.375,0,0,46.125,42.375,45.5,0,59.25,46.375,43.125,0,0,0,43.75,0,0,47,0,0,0,0,0,0
56,Medium,47.375,0,0,0,45.75,0,0,61,0,42,46.625,41.5,0,47.625,0,0,44.75,0,0,0,0,46,0
57,High,0,0,0,0,76,0,66.625,61.375,65,68.875,66.375,67.625,0,69.25,0,0,70.25,0,0,0,0,67.75,0
58,Medium,0,0,0,0,48.25,48,44.875,62.25,0,50.25,0,42.75,47,46.875,0,0,43.5,0,0,0,0,0,0
59,Medium,0,0,0,0,72.375,68.75,54.875,58.875,0,61.125,0,63.375,0,69.875,0,0,67.5,0,0,0,0,0,0
60,High,43.375,0,0,43.25,40.625,0,0,60.25,0,44.875,0,42.875,0,42.75,0,0,45.875,0,0,0,0,44.375,0
61,High,44.125,0,0,43,41.375,0,40.75,63.375,0,42.75,0,40.5,48.875,41.375,0,0,43.25,0,0,0,0,0,0
62,High,0,0,0,0,74.625,0,74.25,62,0,73.625,65.75,0,69.125,68.75,0,0,69.25,0,0,0,0,69,0
63,High,41.75,0,0,0,42.875,0,0,56.25,40,43,0,0,38.75,41.125,0,0,39.5,0,0,0,0,40.875,0
64,Medium,0,0,0,0,45.125,44.375,41.5,59.875,44.25,44.625,41.5,0,0,43.25,0,0,38.75,0,0,0,0,44.625,0
65,Medium,0,0,0,65,73.75,0,0,57.625,0,68.375,0,74.875,66.5,75.5,0,0,65.625,0,0,0,0,72.125,0
66,High,41.625,0,0,0,44.375,39.75,0,56.25,0,41.125,0,0,42.125,39.875,0,0,40.875,0,0,0,0,0,0
67,Medium,0,0,0,0,36.875,43.75,0,65.125,0,40.125,42.375,0,38.625,43.25,0,0,42.375,0,0,0,0,43.5,0
68,High,0,0,0,0,72.5,61,66.875,57.875,65.75,70.125,0,60.875,0,76.875,0,0,70.875,0,0,0,0,0,0
69,Medium,0,0,0,0,36,42,43.5,64.5,40.5,37.125,42.75,0,0,40,0,0,38.75,0,0,0,0,0,0
70,High,0,0,0,0,51.5,51.125,0,61.125,52.25,47.5,0,0,51.125,47.5,0,0,48.625,0,0,0,0,0,0
71,Medium,0,0,0,56,50.5,0,0,55.875,49.875,53.875,0,49.125,0,47.875,0,0,49.375,0,0,0,0,51.125,0
72,High,67,0,0,0,66.75,60.375,0,57.875,0,67.25,59.125,0,67.125,63.375,0,0,68.25,0,0,0,0,67,0
73,Medium,0,0,0,51,51.625,0,49.125,58.75,45.25,47.75,0,51,0,46.75,0,0,50.625,0,0,0,0,45.375,0
74,High,45,0,0,47.5,47.25,0,0,61.25,47.125,45.5,0,47.375,44.75,46.875,0,0,44.625,0,0,0,0,0,0
75,High,0,0,0,60,68.875,0,61.25,58.875,0,63.125,58.125,61.625,0,62.5,0,0,67.5,0,0,0,0,73.375,0
76,High,0,0,0,70,68.625,0,65.25,60.625,0,67.25,0,0,135.625,56.125,0,0,61.25,0,0,0,0,0,0
77,Medium,64.5,0,0,0,69.125,0,58.25,56.625,0,72,0,68.75,62.5,64.625,0,0,56.875,0,0,0,0,62.875,0
78,Medium,69.375,0,0,65.5,61.25,0,0,59,0,71.125,0,60.5,71.75,62.5,0,0,62.25,0,0,0,0,69.75,0
79,Medium,44.75,0,0,44.625,41.75,43.25,46.625,60.875,0,47.5,45.875,0,0,47.125,0,0,53,0,0,0,0,0,0
80,Medium,63.5,0,0,74.25,60,0,64.875,57.75,0,71.125,0,0,0,65.125,0,0,69.375,0,0,0,0,61,0
81,High,67.625,0,0,69.25,68.25,0,0,60.125,0,70.5,0,67.25,63.625,69.25,0,0,72.5,0,0,0,0,0,0
82,Medium,0,0,0,0,42.375,50.125,0,62.375,0,47.25,47.125,51.625,44.75,42.75,0,0,39.25,0,0,0,0,0,0
83,Medium,0,0,0,67.625,67.625,70.875,0,58.875,0,71.25,0,55.5,0,78.125,0,0,71.625,0,0,0,0,0,0
84,High,0,62.125,40.375,0,53.25,49.875,0,59.375,0,42.875,0,57.75,50.875,0,43.375,40.25,0,0,0,0,39,0,50.5
85,High,0,60.375,81.375,0,76.25,88.5,0,59.125,0,80.125,83.125,48.625,0,0,84.625,80.375,0,0,0,0,80.875,0,79.5
86,Medium,0,63.375,86.625,0,0,78.375,0,60.25,0,87.5,0,57.125,81.25,0,71.625,78.625,0,0,0,0,77,0,0
87,High,0,60.875,82.75,0,72.75,0,0,60.75,0,89.875,74.25,60.125,0,0,84.625,75.875,0,0,0,0,71.5,0,84.25
88,Medium,0,62,40.5,0,47.875,49.75,0,58.125,0,42.375,0,62.375,0,0,43.125,46.125,0,50,0,0,37.125,0,54.625
89,High,0,56.5,47,0,0,55.5,0,60.875,0,45.5,0,59.75,50.375,0,45,44.625,0,48.625,0,0,44,0,0
90,Medium,0,57.125,39.375,0,54,53,0,57.25,0,46.625,0,64.125,0,0,43.75,39.625,0,0,0,0,41,0,51
91,Medium,0,58.625,76.375,0,0,77.375,0,57.25,0,80.25,75.125,62,0,0,82.125,77.25,0,76.125,0,0,81.875,0,0
92,High,0,64.375,48.375,0,60,0,0,62.125,0,46.375,60.875,48.375,0,0,48.75,53.75,0,0,0,0,47,0,57.125
93,High,0,62.125,74.125,0,0,77.625,0,62,0,82.375,76.625,67.875,78.125,0,79.375,71.625,0,0,0,0,87.375,0,78.25
94,High,0,59,45.625,0,47.25,45.125,0,59.875,0,36.875,49.5,40.75,48.375,0,44.5,38,0,0,0,0,40.625,0,51.125
95,High,0,62.5,41.125,0,0,55.875,0,58,0,42,0,52.625,48.25,0,42.25,37.75,0,0,0,0,47.5,0,0
96,High,0,59.5,73.375,0,71.75,0,0,64.625,0,82,0,63.75,79.5,0,76.875,76.875,0,79.5,0,0,77.375,0,83.375
97,High,0,61.625,43.625,0,62.375,62.25,0,61.5,0,52.25,0,71.125,0,0,60.25,43.125,0,0,0,0,56.625,0,62.375
98,High,0,58.5,74.75,0,0,0,0,59.375,0,81.875,85.5,68.625,82.125,0,76.625,90,0,73.75,0,0,82,0,79.125
99,High,0,58.625,43.625,0,0,49.25,0,58.5,0,44.625,0,38.625,48.375,0,43,39.5,0,0,0,0,42.875,0,43
100,Medium,0,57.125,41.375,0,0,0,0,57.375,0,50.75,48.875,77.75,50.125,0,50.125,46.75,0,48.625,0,0,45.125,0,0
101,Medium,0,59.625,73.375,0,79.25,0,0,59.125,0,78.375,0,63.5,87.875,0,81.375,86.625,0,0,0,0,77.375,0,0
102,Medium,0,62.125,81.125,0,75.625,76.875,0,59.25,0,80,85.5,48.625,0,0,78.5,79.5,0,0,0,0,86.75,0,84.625
103,High,0,57.25,57.75,0,0,63,0,60.375,0,53.375,62.375,49.875,57.5,0,53.875,53.5,0,0,0,0,45.75,0,55.75
104,High,0,58.375,74.25,0,81.5,81.5,0,59.625,0,80.125,0,43.375,0,0,82.5,80,0,0,0,0,81.5,0,82.125
105,Low,0,62.875,51.875,0,56,0,0,62.125,0,52.5,55.25,48.25,0,0,48,48.75,0,0,0,0,49.125,0,63.5
106,High,0,58.375,75.625,0,0,78.625,0,59.25,0,82.625,75.25,48,82.875,0,74.875,82.625,0,0,0,0,79.75,0,78.625
107,High,0,61.875,46,0,50.5,48.625,0,58,0,41.125,51.625,46,0,0,38.5,39.75,0,50.875,0,0,42.375,0,0
108,High,0,60.375,55.625,0,0,0,0,59.25,0,48,0,76,61.75,0,51.25,53.125,0,58.875,0,0,54.75,0,57
109,High,0,63.75,71.25,0,0,72.875,0,54.5,0,76.625,80.25,65.625,77.75,0,78.625,80.875,0,85.125,0,0,75.125,0,0
110,High,0,62.75,84.125,0,81.75,0,0,62.75,0,77.125,81.25,69.875,86.625,0,77.375,92.625,0,0,0,0,75.25,0,0
111,Medium,0,55.75,41.25,0,50.125,0,0,59.375,0,40.5,0,49.125,0,0,43.625,42.25,0,0,0,0,41.875,0,49.875
112,High,0,61.75,48.5,0,64.25,0,0,60.25,0,53.5,55,47.25,56.75,0,50.125,53.125,0,0,0,0,52.125,0,0
113,High,0,59.875,39.75,0,49.625,50.625,0,59,0,45.125,54,59.5,0,0,36.125,38.625,0,48.25,0,0,40.5,0,0
114,High,0,60.125,42.625,0,46,48.875,0,60,0,39.625,54.875,49,50.25,0,40.5,47.875,0,0,0,0,47.75,0,0
115,Medium,0,60.5,76.625,0,81.5,73,0,59.75,0,73.5,0,59.125,80,0,83.875,72,0,75.875,0,0,81.5,0,0
116,Medium,0,62.25,78.75,0,0,0,0,59.625,0,84.25,84,42,0,0,84.75,83.375,0,80.75,0,0,84.625,0,0
117,High,0,60.25,73.875,0,88.625,0,0,62.625,0,82.375,81.25,59.375,84.25,0,93.25,78,0,80.5,0,0,80.75,0,0
118,Medium,0,62.5,76.75,0,0,0,0,61.375,0,74.25,80.125,51.125,0,0,77.625,83.375,0,79.625,0,0,71.125,0,80.25
119,Medium,0,60.875,41.625,0,53,0,0,59.375,0,37,51.875,73.375,53.25,0,44.75,42.625,0,52.375,0,0,38.5,0,0
120,Low,0,61.125,48.875,0,58,0,0,62,0,52.625,60.375,46,57.375,0,50.125,57.375,0,0,0,0,52.125,0,56
121,High,0,58.125,39.125,0,0,53,0,56,0,42.5,0,73.625,50.5,0,43.5,41.75,0,0,0,0,37,0,47.25
122,Low,0,58.25,45.75,0,52.125,51,0,60.375,0,45.625,0,66.5,0,0,48,49.125,0,48.875,0,0,43.875,0,0
123,High,0,59.125,51.5,0,61,63.125,0,54.5,0,51,0,60,0,0,60.5,60.5,0,55.375,0,0,56.25,0,62.25
124,High,0,59.125,45.5,0,0,0,0,59.75,0,41.25,0,65.75,0,0,39.5,44.625,0,51.375,0,0,41.75,0,49.5
125,Medium,0,61.125,39.375,0,0,48.375,0,62.75,0,47.25,0,47.75,49.5,0,40.25,43.75,0,0,0,0,35.625,0,51.875
126,Low,0,55.5,45.375,0,0,0,0,59.125,0,40.875,47.25,66.75,51.375,0,39.625,40.5,0,0,0,0,42.375,0,0
127,High,0,59.25,77.5,0,0,84.125,0,62,0,80.625,81.25,45.75,79.375,0,77.625,88.5,0,76.5,0,0,79.25,0,0
128,High,0,62.625,76.5,0,0,0,0,58.25,0,80.125,0,46.25,0,0,83.875,83.375,0,83.5,0,0,81.875,0,79.125
129,Medium,0,58.25,44.5,0,0,0,0,58.75,0,40.125,49.875,40.875,49.625,0,39.625,40.375,0,0,0,0,41.125,0,53.25
130,Medium,0,60.125,40.75,0,49.5,0,0,60.875,0,42.125,0,71.125,0,0,42.5,40.125,0,50.125,0,0,43.625,0,49.75
131,High,0,59.375,48.625,0,49,50.375,0,61.875,0,39.625,0,43.875,0,0,40.125,41.125,0,44.875,0,0,42.25,0,51.25
132,Medium,0,58.625,39.625,0,0,47.625,0,58,0,41.875,50.625,70,0,0,44.375,39,0,0,0,0,41.25,0,47.875
133,High,0,60.25,53.25,0,0,60.375,0,63.625,0,50.375,60.25,45.375,0,0,52.5,48.25,0,0,0,0,58.375,0,63.625
134,Medium,0,56,44.25,0,0,0,0,59.25,0,54.375,59.75,45.25,63.375,0,49.75,51.125,0,0,0,0,57.875,0,58.625
135,Medium,0,59.5,56.375,0,0,60.375,0,58.625,0,47.875,63.75,47.5,65.625,0,50.125,49.875,0,0,0,0,53.875,0,56.5
136,Medium,0,60.5,74.75,0,0,0,0,59.625,0,79.25,79.125,42.375,80.875,0,82,85.125,0,82.875,0,0,86.125,0,76.875
137,High,0,61.5,41.75,0,0,51.125,0,52.625,0,42.75,52.375,45.75,0,0,46.25,42.375,0,0,0,0,43.375,0,51.875
138,Medium,0,59.125,75.125,0,0,77.625,0,59.375,0,83.125,85.125,76,0,0,78.125,83.25,0,76.75,0,0,76,0,84.375
139,High,0,60.875,42.625,0,0,48.5,0,56.375,0,42.375,50,48.25,50.375,0,40.75,38.375,0,50.75,0,0,38.375,0,0
140,Medium,0,58.875,81.875,0,0,0,0,58.5,0,79.875,80.875,72.375,78.875,0,84.25,82.125,0,78.5,0,0,77.875,0,77.75
141,Medium,0,61.75,81,0,0,77.25,0,58.625,0,76.375,81,40.625,81.625,0,78.625,77.125,0,0,0,0,80.25,0,0
142,Medium,0,60.625,40.125,0,52.125,48.875,0,58.5,0,40.625,51.5,41.375,0,0,44.375,39,0,53,0,0,44.5,0,0
143,High,0,58.125,42.75,0,0,0,0,60.875,0,47.375,48,74.625,47.625,0,45.75,42.5,0,0,0,0,49,0,50
144,High,0,63.5,44,0,53.375,50,0,61.75,0,43,0,42.875,0,0,41.625,40.125,0,53.375,0,0,40.625,0,47.375
145,High,0,57.875,54.5,0,0,63.875,0,64.75,0,50.25,57.75,45.125,0,0,56.125,55.625,0,61.25,0,0,53,0,58.75
146,High,0,59.375,45.75,0,0,0,0,61.625,0,45.625,0,73.75,52.25,0,37.625,40.875,0,0,0,0,42.875,0,49.625
147,High,0,59.375,43.125,0,49.125,0,0,58.875,0,46.75,0,44.375,51,0,38.25,41.25,0,49,0,0,42.875,0,0
148,Medium,0,59.875,78.875,0,77,0,0,60,0,81.5,0,36.875,75.5,0,90.875,79,0,0,0,0,81.75,0,0
149,Medium,0,59.75,83.125,0,82.875,0,0,62.25,0,83.25,0,72.5,84.375,0,83.375,88.25,0,79,0,0,78.5,0,82.375
150,High,0,62,41.625,0,0,51.875,0,61,0,39.25,0,36,50.75,0,41.875,41,0,54.25,0,0,39,0,0
151,Medium,0,58,76.375,0,0,76.875,0,59.5,0,71.375,84.25,51.5,80,0,81.125,74.75,0,76,0,0,77.75,0,81.125
152,High,0,56.625,77.75,0,76.5,85.375,0,63,0,88.625,76,50.5,0,0,85.125,88,0,0,0,0,77.875,0,86.875
153,High,0,58.875,83,0,82.5,0,0,62.125,0,85.25,0,66.75,84.25,0,78,78.375,0,89,0,0,80.375,0,80
154,High,0,58.875,45.25,0,48.75,51.875,0,61.75,0,41.75,50.75,51.625,0,0,41.375,40.125,0,0,0,0,43.875,0,47.25
155,Low,0,60.875,80.625,0,79.625,74.125,0,58,0,73.625,77.625,47.25,86.125,0,75.5,85.875,0,0,0,0,85.125,0,0
156,High,0,61,51.25,0,0,58.125,0,60.625,0,53.5,0,68.875,63.125,0,48.75,57,0,59,0,0,58.625,0,57.25
157,High,0,60.875,72.75,0,80,0,0,56.375,0,73.625,0,68.625,81,0,78.375,71.5,0,0,0,0,82.875,0,72.25
158,Medium,0,58.375,76.625,0,83.875,89.375,0,55.75,0,84.375,82.5,69.125,0,0,79.125,76.75,0,0,0,0,85.75,0,77.5
159,High,0,58.125,41,0,53.75,0,0,59,0,44.25,0,61.25,0,0,41,36.875,0,49.875,0,0,37.75,0,0
160,Medium,0,57.125,85.625,0,75.375,82.75,0,56.125,0,79.375,84.625,41.75,0,0,83,89.25,0,80.5,0,0,81.125,0,0
161,High,0,57.25,41.375,0,0,48.25,0,60.75,0,38.625,50.25,60,0,0,45.375,43,0,53.5,0,0,40.375,0,52
162,High,0,60,49.25,0,0,0,0,61.25,0,54.625,61.375,68.25,61.25,0,47.875,52.625,0,60.25,0,0,53.375,0,57.625
163,Medium,0,58.75,41,0,48.25,51.875,0,60.125,0,41.875,0,42.375,50.25,0,41.75,42.375,0,0,0,0,40.875,0,49.25
164,High,0,58.875,85.5,0,85.75,0,0,61.625,0,74.125,0,67.625,75.5,0,79,79.25,0,81.375,0,0,76.5,0,78.875
165,Medium,0,59.25,43,0,51.625,48.875,0,59,0,42.125,0,53.25,0,0,37.625,41.25,0,50.25,0,0,42.375,0,51.625
166,High,0,60.25,86.5,0,71.5,85.125,0,61.375,0,76.75,0,76.25,81.5,0,76.5,75.875,0,77.625,0,0,75,0,0
167,Medium,0,61.25,81.125,0,84,76.75,0,64.25,0,73.5,0,0,79.25,0,85.25,75.125,0,74.25,0,0,80.125,0,76.5
168,High,0,58.5,58.25,0,55.875,63.375,0,59.5,0,51.75,0,72.75,0,0,53.625,52.5,0,61.125,0,0,58.375,0,55.5
169,High,0,57.625,39,0,0,0,0,59.125,0,39,47,47.875,0,0,45.5,40,0,49,0,0,40,0,48.125
170,High,0,57.875,80.25,0,0,0,0,63.125,0,77.75,76.875,0,85.5,0,75.5,73.25,0,78.625,0,0,84.875,0,82.875
171,Medium,0,57.625,78.125,0,0,80.375,0,59,0,72.375,80.5,54,0,0,79.5,79.875,0,78.125,0,0,83.75,0,0
172,Medium,0,65.75,41.125,0,0,49.125,0,66.125,0,40.875,45.625,0,52.5,0,42.75,41,0,0,0,0,44.875,0,0
173,High,0,62.625,46.75,0,51.75,0,0,57.5,0,42.75,0,60,49.375,0,39.25,41,0,50.375,0,0,38.5,0,0
174,Medium,0,62.75,75.75,0,84,85.5,0,60.375,0,71.875,0,0,0,0,79.125,79.25,0,76.125,0,0,85.125,0,78.25
175,Medium,0,58.625,43.375,0,0,49,0,60.25,0,40.75,0,47.25,0,0,42.625,43,0,0,0,0,40.5,0,48.5
176,High,0,57.5,85.375,0,0,0,0,60.875,0,77.125,78.75,0,81.125,0,80.375,81,0,73.25,0,0,88,0,78.375
177,High,0,55.75,80.625,0,0,82.5,0,60.125,0,77.875,83.125,71.75,78.75,0,79.5,82,0,0,0,0,75.125,0,0
178,High,0,59.625,53.5,0,66.5,59.625,0,61.125,0,57.625,57.625,62.375,59.25,0,58.25,51,0,0,0,0,52.25,0,0
179,High,0,61.25,41.625,0,51.75,50,0,61.25,0,39.625,0,51.625,51.875,0,43.75,38.625,0,50.625,0,0,42.125,0,0
180,Medium,0,60.625,82.125,0,82,83.875,0,61.5,0,76.875,82.625,55.5,78.875,0,78.125,72.375,0,80.5,0,0,71.625,0,0
181,Medium,0,62.5,37.75,0,50.375,0,0,60.625,0,40.875,0,57.75,47.875,0,44.375,43.125,0,48.375,0,0,41.375,0,49.375
182,Medium,0,55.625,42.875,0,49.875,0,0,62,0,44.625,52.625,48.625,0,0,37.625,41,0,48.5,0,0,40.5,0,51.5
183,High,0,60.75,42,0,52,48.375,0,61,0,41.375,48.5,57.125,0,0,47,43.5,0,0,0,0,38.375,0,49.375
184,Medium,0,59.125,78.875,0,82.125,0,0,59,0,71,85.75,60.125,0,0,85.75,88.25,0,0,0,0,89.75,0,86.125
185,High,0,62.375,79.625,0,85,0,0,63.625,0,81.25,79.75,62.375,80.25,0,80.5,77.125,0,0,0,0,77.875,0,81.125
186,High,0,58.875,39.625,0,0,51.625,0,62.875,0,41,0,59.75,54.125,0,42.125,44.5,0,53.375,0,0,44.125,0,49.625
187,High,0,61.125,41.625,0,49.5,51.75,0,60.375,0,43.375,0,64.125,0,0,40.875,42.875,0,0,0,0,39.75,0,51.5
188,High,0,62.125,85.625,0,0,81.5,0,60.5,0,79.75,82.75,62,86,0,84.5,82.875,0,0,0,0,82.875,0,0
189,High,0,59.5,54.875,0,60.5,61.25,0,60.375,0,57.25,0,48.375,0,0,48.75,49.75,0,0,0,0,48.625,0,61.875
190,Medium,0,59,42.75,0,48.375,0,0,62.375,0,45.375,49.875,67.875,0,0,41.875,43.125,0,49.25,0,0,38.125,0,49.625
191,High,0,54.875,41.625,0,0,49.375,0,56.5,0,41.25,50,40.75,46,0,41.625,39.375,0,49.5,0,0,39.125,0,0
192,High,0,63.375,41.5,0,51.875,52.875,0,59.125,0,39.625,0,52.625,0,0,41.75,45,0,51.125,0,0,42.75,0,0
193,High,0,59,80,0,0,0,0,57.375,0,77.625,72.875,63.75,74.75,0,76.25,70.25,0,0,0,0,82.375,0,78.25
194,High,0,61.125,37.5,0,52.75,50,0,58.125,0,39.875,0,71.125,0,0,49.875,40.25,0,0,0,0,42.125,0,52
195,High,0,57,38,0,48.75,50.125,0,62.75,0,39,50.875,68.625,0,0,39.125,42.75,0,0,0,0,42.625,0,0
196,High,0,59.375,81.5,0,0,77,0,58,0,88.5,81.5,38.625,0,0,80.875,87.125,0,0,0,0,82.75,0,85.875
197,High,0,57.625,42.75,0,50,0,0,63.5,0,40.875,0,77.75,48,0,42,41,0,50,0,0,41.25,0,48.5
198,High,0,61.5,44.375,0,51.375,50.5,0,64.25,0,37.625,0,63.5,47.5,0,37.125,44.625,0,0,0,0,40.375,0,46.5
199,High,0,61,78.375,0,0,77.875,0,61,0,79.875,0,48.625,74.75,0,83.375,75.125,0,0,0,0,83.125,0,72.625
200,High,0,58.5,42.625,0,0,47.25,0,61.125,0,42.625,0,49.875,45,0,44.5,42.5,0,0,0,0,42.25,0,46.875
201,Medium,0,56.25,78,0,0,0,0,59.875,0,77.75,79,43.375,86,0,73.5,75,0,86.875,0,0,81.25,0,74.75
202,Medium,0,59.875,86.375,0,76.375,76.125,0,59.5,0,85,0,48.25,0,0,86.125,82,0,81,0,0,76.25,0,0
203,Medium,77.875,74.375,0,0,76.625,78.625,0,58.5,0,83.25,0,48,0,0,75.875,0,0,79.125,84.625,77.5,0,76.75,0
204,High,47.875,47.5,0,0,41.125,38.875,0,61.75,0,40.625,52.25,46,0,0,49.5,0,0,44.375,42.25,53.625,0,0,0
205,High,0,51.5,0,0,38.625,41.25,0,58.75,0,41.5,53.5,76,49.5,0,0,0,0,43.625,42.5,49.25,0,0,0
206,High,0,60.625,0,0,52,57.125,0,58.375,0,46.875,54.25,65.625,0,0,59,0,0,56.875,49.5,0,0,58.875,0
207,High,0,81,0,0,77.625,76.75,0,58.625,0,80.375,84.75,69.875,0,0,80.875,0,0,73.875,78.5,0,0,80.75,0
208,Medium,0,55.125,0,0,47.25,59.875,0,61.375,0,54.25,57,49.125,61.625,0,0,0,0,49.75,55.875,55,0,0,0
209,High,0,49.375,0,0,45.75,37.125,0,60,0,37.625,50.75,47.25,0,0,47.75,0,0,38.375,43.375,0,0,49.625,0
210,Medium,0,58.875,0,0,47.625,52.625,0,61,0,56.875,65.25,59.5,0,0,58.125,0,0,58.625,46.875,61.625,0,0,0
211,High,0,59.875,0,0,88.125,74.75,0,59.625,0,81.125,87.25,49,79.375,0,81.75,0,0,80,80.75,0,0,0,0
212,High,49.75,48.75,0,0,38.375,46.625,0,64.125,0,36.375,0,59.125,0,0,0,0,0,42.625,39.5,0,0,49.625,0
213,Medium,0,59.5,0,0,73.25,75.625,0,57.875,0,81.375,0,42,77.875,0,79.625,0,0,85.75,85.125,79.5,0,85.125,0
214,High,51.25,48.375,0,0,45.5,40.5,0,56.375,0,39.375,52.625,59.375,0,0,0,0,0,40.75,35.125,0,0,0,0
215,Medium,64.5,63.375,0,0,51.25,54.625,0,58.125,0,50.375,0,51.125,0,0,60,0,0,45.375,51.875,56.125,0,67.75,0
216,Low,0,46,0,0,45,43.875,0,56.375,0,42.625,50.5,73.375,0,0,54.375,0,0,39.625,39,0,0,0,0
217,Medium,0,84.125,0,0,79.75,80.125,0,58.875,0,73.875,82.25,46,80.75,0,80.375,0,0,79.625,85.375,0,0,0,0
218,High,0,49.875,0,0,44.125,41.25,0,59.875,0,42.75,47.25,73.625,50.25,0,0,0,0,37.625,43.75,50.75,0,52.625,0
219,High,52.75,64.75,0,0,40.875,41,0,59,0,43.75,50.625,66.5,0,0,0,0,0,40.75,41,51.75,0,51,0
220,High,83.75,86.5,0,0,83.875,80.125,0,60,0,80.25,0,60,79.875,0,0,0,0,79.5,81.875,82.625,0,0,0
221,High,76.75,80.375,0,0,78.75,81.25,0,60.625,0,75.625,0,65.75,0,0,0,0,0,83.5,83.75,0,0,81.5,0
222,Medium,52,53,0,0,39.375,36.875,0,61.875,0,42,0,47.75,50.375,0,0,0,0,43,47,0,0,0,0
223,Medium,0,49,0,0,40.625,39.5,0,59,0,40.625,0,66.75,52.25,0,0,0,0,44.5,45.5,0,0,0,0
224,High,0,58.125,0,0,56.125,40.375,0,58,0,56.375,61.125,45.75,0,0,55.875,0,0,50.5,53.625,61,0,0,0
225,Medium,0,60.5,0,0,61.875,58.5,0,61,0,45.375,67.375,46.25,0,0,62.25,0,0,51.75,47.625,0,0,61.25,0
226,High,51.625,52.375,0,0,42,40.625,0,57.5,0,42.25,0,40.875,50.375,0,45.625,0,0,41,41.125,0,0,0,0
227,Medium,54.75,59.125,0,0,53.375,58.875,0,59.25,0,47.625,0,71.125,0,0,0,0,0,45.75,52.75,53.875,0,62.375,0
228,High,0,82,0,0,73.75,79.5,0,64.25,0,77.625,80.375,43.875,0,0,0,0,0,79.375,80,79,0,0,0
229,High,0,57.375,0,0,52,57.75,0,61,0,55.75,0,70,61.25,0,0,0,0,50.75,43.375,0,0,0,0
230,Medium,77.5,61.75,0,0,84.875,84.75,0,63.375,0,81.25,81.375,45.375,0,0,0,0,0,83.625,80.625,84,0,0,0
231,Medium,73,79.125,0,0,84.5,79.25,0,60.5,0,87.375,84.125,45.25,78,0,0,0,0,81.125,79.25,0,0,80.375,0
232,High,0,61.125,0,0,48.375,53.875,0,63.75,0,50.625,0,47.5,62,0,65.25,0,0,51.75,48.5,0,0,60.125,0
233,Medium,56.625,60.25,0,0,57.25,48.25,0,62.125,0,62.5,59.375,42.375,0,0,57.625,0,0,44.625,43,56,0,0,0
234,Medium,0,64.125,0,0,44.75,45.5,0,61.75,0,62.875,59.875,45.75,61.5,0,0,0,0,48.375,57.375,58.875,0,56.875,0
235,Medium,0,77.125,0,0,77.75,85.25,0,55.5,0,77.125,80.875,76,0,0,0,0,0,79.375,79.375,0,0,79.375,0
236,High,0,48.875,0,0,42.25,44.125,0,60,0,44.25,0,48.25,49.25,0,0,0,0,40.125,40.125,0,0,46.625,0
237,Medium,81.25,61.5,0,0,78.5,78.375,0,60.875,0,80.625,74.375,72.375,77,0,70.25,0,0,71.375,89.625,0,0,0,0
238,High,66.75,55.75,0,0,59.75,56.5,0,62.75,0,52.375,0,40.625,60.875,0,62.375,0,0,56.875,58.375,0,0,0,0
239,High,0,67.75,0,0,49.25,53.25,0,61.625,0,44.25,0,41.375,63.25,0,63,0,0,53,57.75,0,0,55.75,0
240,High,0,51.75,0,0,43.375,41.25,0,59.5,0,40,0,74.625,49.375,0,0,0,0,37.875,43,0,0,0,0
241,High,65.5,61.75,0,0,53,59.625,0,60,0,44.375,0,42.875,62.125,0,0,0,0,50.375,61.375,63.375,0,62.375,0
242,High,75.875,59.625,0,0,79.75,84.25,0,63.875,0,76.875,0,45.125,71.875,0,85.375,0,0,78.875,80.125,79.625,0,79.875,0
243,High,54.375,60.375,0,0,59.625,55.5,0,59.5,0,52.625,0,73.75,0,0,0,0,0,49.625,43.5,0,0,60.375,0
244,High,50.5,60.125,0,0,41.375,44.75,0,59.5,0,43.625,49.125,44.375,0,0,54.5,0,0,42.75,43.125,0,0,53.5,0
245,Medium,52.375,50.625,0,0,44,40.25,0,58.625,0,47,47.375,36.875,0,0,0,0,0,37.125,41.125,0,0,48,0
246,Medium,0,57.625,0,0,87.25,73.875,0,61.875,0,80.25,79.375,72.5,89.25,0,82.5,0,0,76.75,80.5,69.875,0,78,0
247,Medium,50.25,51.375,0,0,41.375,42.625,0,59.75,0,44.125,49,36,0,0,0,0,0,41.875,42.125,52.25,0,0,0
248,High,0,48.125,0,0,42.875,44.5,0,62.625,0,42.125,52.75,51.5,0,0,52.25,0,0,43.625,37.875,47.125,0,47.75,0
249,High,0,61.625,0,0,39,41.625,0,63,0,41.75,53.75,50.5,50.375,0,51.5,0,0,42.25,38.375,53.25,0,49.125,0
250,Medium,0,49.125,0,0,38.75,45.125,0,60.875,0,41.75,51.5,66.75,48,0,49.75,0,0,43.25,43,46.875,0,0,0
251,High,48.625,50.375,0,0,41.875,37.5,0,64.625,0,47.625,47.875,51.625,0,0,0,0,0,43.75,40.5,46.625,0,50.25,0
252,High,76.75,60.875,0,0,76.625,76.75,0,56,0,83.75,75.375,47.25,86.625,0,79.875,0,0,83.25,74,0,0,0,0
253,Medium,48.625,50.75,0,0,46.125,41.25,0,53.875,0,39.5,51.5,68.875,0,0,47.5,0,0,37,44.125,51.25,0,0,0
254,High,76,77.75,0,0,84.75,74.125,0,60.375,0,82.625,0,68.625,0,0,0,0,0,76.5,79,0,0,71.25,0
255,High,48.75,53.25,0,0,38.25,43.125,0,63.625,0,42.25,53.625,69.125,0,0,0,0,0,41.75,40.75,0,0,0,0
256,High,0,59.625,0,0,45.5,51.125,0,59.75,0,48.875,59.625,61.25,0,0,58.5,0,0,52.625,60.375,0,0,60.625,0
257,High,0,57.875,0,0,50.875,42.375,0,63.625,0,48.625,0,41.75,65.875,0,0,0,0,52.25,58.125,0,0,54.125,0
258,High,57.875,59.75,0,0,48.375,57.375,0,63.25,0,59.5,0,60,59.5,0,63.375,0,0,48.875,53.875,0,0,0,0
259,Medium,0,87,0,0,85.375,76.875,0,58.625,0,74.625,78.25,68.25,0,0,0,0,0,80.75,81.125,76.375,0,0,0
260,High,0,48.75,0,0,39.25,41.875,0,59.375,0,44.125,48.375,42.375,0,0,50.125,0,0,43,38.625,53.25,0,0,0
261,Medium,61.875,59.375,0,0,55.75,53.875,0,60.625,0,49.25,0,67.625,62.75,0,0,0,0,51.25,50.375,0,0,57.75,0
262,Medium,63.25,63.875,0,0,52.375,49.375,0,61.75,0,51.25,0,53.25,0,0,0,0,0,53.875,58.375,0,0,59.375,0
263,High,0,58.5,0,0,58.5,47.5,0,58.625,0,41.875,0,76.25,0,0,54.875,0,0,56,56.625,62.875,0,57.375,0
264,High,49.125,51.75,0,0,44.625,42.125,0,63,0,34.5,51.375,0,47.125,0,45.625,0,0,40.125,37.75,0,0,0,0
265,High,0,58.875,0,0,50,50.5,0,58.875,0,54.25,58.625,72.75,0,0,0,0,0,58.625,49,0,0,0,0
266,High,0,50,0,0,43.375,41,0,58,0,44.5,0,47.875,0,0,48.375,0,0,36.875,41.25,50.875,0,0,0
267,High,0,49.25,0,0,40.5,41.25,0,66.5,0,37.875,0,0,0,0,46.125,0,0,38.5,42.25,50,0,0,0
268,High,0,80.125,0,0,82.375,83.25,0,60.875,0,80.25,83.75,54,88.125,0,81,0,0,82.125,83.125,0,0,0,0
269,Medium,78.125,63,0,0,77.625,74.375,0,55.75,0,82.375,0,0,84.75,0,0,0,0,78.5,82.75,0,0,79.5,0
270,Medium,76.125,85,0,0,84.375,78.125,0,62.125,0,76.125,75.875,60,0,0,0,0,0,78.5,82.375,0,0,83.125,0
271,High,0,76.875,0,0,78.5,77.25,0,60,0,81.625,0,0,78.75,0,79.5,0,0,82.75,83.625,82,0,0,0
272,Medium,0,52.75,0,0,45.375,40.5,0,57,0,42.25,0,47.25,51.25,0,50,0,0,42.75,39.875,0,0,0,0
273,High,78.5,81.375,0,0,81.625,78.625,0,57.25,0,79.625,0,0,81.375,0,0,0,0,76.75,79.625,0,0,0,0
274,High,50,49.75,0,0,45.5,39.5,0,61.375,0,50,51.375,71.75,52.125,0,0,0,0,43.125,40.25,0,0,50.25,0
275,High,0,51.625,0,0,37.75,40.875,0,57.875,0,42.5,0,62.375,47,0,46.25,0,0,35.125,43.625,0,0,0,0
276,Medium,47,51.875,0,0,35.75,40.625,0,60.75,0,43.25,49.25,52.25,0,0,0,0,0,41.75,38.5,0,0,49.125,0
277,Medium,82.75,87.875,0,0,81.25,74.375,0,56.625,0,79.5,0,81.875,0,0,0,0,0,80.125,86.125,82,0,0,0
278,Low,59,56.875,0,0,55.375,51.625,0,60.75,0,54.75,0,56.125,0,0,61.75,0,0,44.75,50.75,60,0,0,0
279,High,59.875,59.75,0,0,61.75,52.25,0,60.5,0,52.125,0,0,0,0,0,0,0,44.875,48.75,63,0,55.875,0
280,Medium,49,49.375,0,0,44,42.5,0,61.125,0,38.125,0,50.625,0,0,0,0,0,43.5,48.75,49.25,0,0,0
281,High,61.5,61.125,0,0,48.375,50.625,0,57.75,0,49.375,0,0,0,0,0,0,0,52,56.75,60.375,0,0,0
282,High,55.875,47.125,0,0,40.875,38.625,0,60,0,43.75,0,53,52.625,0,52.75,0,0,38.875,46.125,0,0,0,0
283,High,63.375,62,0,0,59.125,55.5,0,61.125,0,51,58.75,0,62.25,0,0,0,0,44.625,49.125,57.25,0,59.875,0
284,High,47.375,54.125,0,0,40.625,42,0,62.25,0,39.125,0,51.375,0,0,0,0,0,43,39.125,53,0,0,0
285,High,82.875,60.75,0,0,81.125,83.375,0,60.75,0,78.375,0,0,0,0,77.125,0,0,76.25,85.375,80.375,0,87.5,0
286,High,46.125,62.625,0,0,43.25,41.625,0,55.875,0,44.125,50.75,0,0,0,48.625,0,0,39.875,42.875,0,0,54.375,0
287,Medium,60.75,61.5,0,0,62.625,56,0,60.375,0,53.875,0,0,65.625,0,61.25,0,0,56.5,54,56.375,0,0,0
288,High,64.125,59.75,0,0,58.25,45.25,0,64.875,0,48.375,0,58.25,0,0,55,0,0,55,42.25,62.125,0,60.375,0
289,High,83.125,84.125,0,0,82.625,80.125,0,58.5,0,77.375,0,80.875,79.875,0,76.625,0,0,73.375,77.75,83.625,0,0,0
290,Medium,53.25,59,0,0,42.875,45.5,0,60,0,40,48.25,0,49.25,0,51.625,0,0,41,38.625,0,0,48.375,0
291,Medium,0,51.125,0,0,42.75,43.375,0,62.625,0,42.375,49.125,47.75,50.25,0,50.875,0,0,44.875,44.75,49.125,0,0,0
292,High,0,61.5,0,0,74,90.25,0,58.25,0,77.625,74.875,0,77,0,73.375,0,0,86.875,78.875,77,0,78.375,0
293,Medium,52.125,62.75,0,0,52.25,63,0,57.125,0,42.5,0,0,57.875,0,58.875,0,0,44.875,53.375,0,0,58.625,0
294,Medium,83.125,87.125,0,0,78.875,82.375,0,60.625,0,71.625,84.5,81.375,0,0,79.125,0,0,77.25,82.5,85.125,0,0,0
295,High,0,62.25,0,0,52.625,60.25,0,64.5,0,49.5,0,58,0,0,0,0,0,50.25,51.875,0,0,61.25,0
296,Medium,0,48,0,0,38.625,40.75,0,61.375,0,43.5,48.875,0,48.75,0,51.875,0,0,38.625,41.25,0,0,50.75,0
297,Medium,0,59.25,0,0,43.5,40.875,0,58,0,42.75,48.125,0,0,0,49.5,0,0,43,45.5,48.125,0,48.75,0
298,Medium,0,48.625,0,0,47,46.875,0,60.25,0,46,49,46.75,49.625,0,0,0,0,46,46.375,46.5,0,0,0
299,Medium,79.375,86.625,0,0,88.75,72.25,0,57.75,0,80.75,0,73.25,0,0,0,0,0,88,84.875,76,0,87.5,0
300,Medium,52,60.5,0,0,42.75,41,0,61.5,0,41,49.5,0,49,0,0,0,0,44.25,43.875,0,0,47.75,0
301,High,82.75,78,0,0,73.875,80.625,0,61.25,0,81,0,0,74.125,0,80.875,0,0,82.75,85,0,0,0,0
302,Medium,0,81.625,0,0,77.125,84.5,0,61.375,0,81.25,0,78.875,82.5,0,0,0,0,76.25,73.875,83.375,0,77.5,0
303,Medium,0,79.625,0,0,87.25,76.875,0,61.375,0,77.75,0,78.625,78.75,0,0,0,0,81.25,84.125,0,0,81.75,0
304,Medium,0,58,0,0,78,80.125,0,62.125,0,79.625,72.375,0,0,0,77.25,0,0,80.5,84.875,0,0,82.75,0
305,Medium,61.875,60.75,0,0,46.25,55.625,0,61.375,0,62.625,55.625,0,58.5,0,56.25,0,0,48,50.5,0,0,60.75,0
306,High,64.75,58.125,0,0,52,40.5,0,62.75,0,54.125,0,63.25,0,0,61.75,0,0,50.875,57.75,0,0,61.125,0
307,Medium,58.875,60.875,0,0,43.75,56.75,0,61,0,49,62,63.75,0,0,0,0,0,50.875,52.125,0,0,58,0
308,Low,0,86.25,0,0,79.625,82.25,0,57.375,0,84.125,77,75,0,0,0,0,0,82.875,81.75,81.25,0,70.875,0
309,High,0,60.375,0,0,37,45.5,0,59.375,0,42.375,0,0,52.25,0,49.125,0,0,43.25,43.375,49.5,0,0,0
310,Medium,50,62.125,0,0,42.625,40.25,0,61.75,0,40.25,0,0,0,0,48.125,0,0,45.5,45.625,51.125,0,0,0
311,Medium,0,60.625,0,0,43.75,41.625,0,60.5,0,40.625,0,0,0,0,47,0,0,41.125,44.25,49.875,0,51.625,0
312,Medium,49.875,53.125,0,0,42.125,40.75,0,60.375,0,42.375,45.625,51,0,0,47,0,0,42.375,44.25,0,0,0,0
313,High,0,51.75,0,0,43.625,39.75,0,59.875,0,42.5,51.625,49.875,46.5,0,0,0,0,42.375,40.25,0,0,47.5,0
314,Medium,79.625,82.25,0,0,86.125,83.875,0,57.375,0,84.75,76,0,84.125,0,78.75,0,0,77.875,68.25,0,0,0,0
315,Medium,0,64.5,0,0,44,41.75,0,59.25,0,42.125,0,0,49.25,0,0,0,0,41,40.375,47.25,0,51,0
316,Medium,0,74.625,0,0,79.75,77.625,0,61.375,0,75.5,0,74.5,80.5,0,0,0,0,80.125,87.125,78.375,0,76.5,0
317,Low,85.375,81.5,0,0,86.25,79.625,0,53.375,0,83.625,85.5,75,0,0,0,0,0,83.25,78.75,0,0,82.125,0
318,High,0,61.125,0,0,42.875,40.75,0,60.375,0,44.25,49.125,0,51.25,0,45.5,0,0,42,37,0,0,0,0
319,Medium,82.625,88.75,0,0,84.25,79.125,0,59.875,0,81,81.5,0,0,0,81.25,0,0,85.375,87.375,0,0,72.5,0
320,High,47.875,60.375,0,0,43.25,39.75,0,65,0,43,46.875,0,50.25,0,0,0,0,42,45.125,0,0,0,0
321,Medium,0,56.375,0,0,50.25,54.375,0,60.125,0,49.875,61.875,61.75,57.75,0,61,0,0,53.25,51.75,57.25,0,0,0
322,Medium,0,52,0,0,45.75,41.75,0,60.5,0,41,50.75,48.375,49.125,0,0,0,0,45.5,40.375,0,0,0,0
323,High,0,85.75,0,0,79.875,82,0,60.125,0,77,73.625,78.875,0,0,0,0,0,75.625,71.25,78.75,0,0,0
324,Medium,54.25,49.875,0,0,44.875,42.625,0,57.125,0,38.125,53.875,48,0,0,0,0,0,43,41.5,50.375,0,0,0
325,Medium,0,48.5,0,0,43,46.375,0,60.125,0,40.25,53.25,53.75,48.75,0,50.5,0,0,38.5,42.25,0,0,47.75,0
326,Low,58.75,60.625,0,0,49.75,50,0,59,0,56.125,60.375,0,0,0,58.75,0,0,51.25,49.625,0,0,0,0
327,Low,0,60,0,0,60.125,52.125,0,54.875,0,48.75,0,0,68.125,0,58.875,0,0,54.25,52.75,0,0,61.25,0
328,High,0,55.75,0,0,38.5,44.625,0,64,0,44.375,54.625,0,0,0,51,0,0,44.75,40.75,53,0,0,0
329,High,65.75,58.375,0,0,48.25,49.125,0,60.625,0,59.375,60.25,0,64.125,0,0,0,0,45,53.75,0,0,62.125,0
330,Medium,63.125,59.5,0,0,49.5,49.75,0,59.75,0,53.375,0,0,0,0,56.375,0,0,54,56.875,0,0,59,0
331,High,49.875,51.125,0,0,43.875,45.25,0,60.125,0,40.5,48.125,52,0,0,0,0,0,43,40.875,0,0,45.125,0
332,Medium,75,82.5,0,0,86.125,73.5,0,57.375,0,70.625,71.875,81.125,0,0,0,0,0,78.875,82.125,82.375,0,0,0
333,Medium,0,50,0,0,43.375,39.125,0,61.875,0,38.5,52.125,0,0,0,50,0,0,42.5,42.25,47,0,51,0
334,Low,55.375,50.875,0,0,46.25,40.125,0,61,0,42.625,49.75,49.5,48.25,0,49.25,0,0,41.625,37.375,0,0,0,0
335,High,83.5,77.875,0,0,76.75,81,0,61.75,0,77.5,0,0,75.875,0,0,0,0,78,77.75,0,0,0,0
336,Medium,59,58.625,0,0,50.625,53,0,60.25,0,48.625,0,67,60.75,0,0,0,0,54.625,56.5,54.75,0,0,0
337,Medium,0,55.75,0,0,80.75,75.5,0,60.5,0,79.875,0,0,78.125,0,0,0,0,73,79.25,78.125,0,76.625,0
338,Medium,60.375,63.375,0,0,48.25,50.5,0,62.25,0,45.875,0,57.625,0,0,58.75,0,0,50.875,52.625,0,0,56.375,0
339,Medium,46.75,50.375,0,0,40.625,39.625,0,61.625,0,40.375,0,47.875,0,0,49.125,0,0,38,41.5,48.625,0,0,0
340,High,83.25,58.25,0,0,82.5,75.625,0,58.375,0,81.25,0,0,88.5,0,0,0,0,79.875,92.625,84.125,0,79.5,0
341,High,0,58.875,0,0,48.875,50.125,0,62.5,0,54.75,57.375,0,0,0,53,0,0,55.5,38.75,57.875,0,0,0
342,High,50.625,58.5,0,0,41.25,43.125,0,63.25,0,43.375,48.375,0,52.375,0,0,0,0,40.875,40.125,47,0,0,0
343,High,52,56.625,0,0,42.125,43.5,0,60.625,0,36.375,52.125,0,0,0,48.125,0,0,41.625,39.625,49,0,0,0
344,Medium,51.125,57.75,0,0,41.75,41.375,0,61.875,0,43.125,47.875,0,50.125,0,46.5,0,0,44.75,47.125,47.75,0,0,0
345,High,50,63,0,0,37.875,42,0,61.875,0,38.875,0,0,48.375,0,47.75,0,0,44.25,40.75,0,0,0,0
346,High,61.25,57.25,0,0,51.625,56.5,0,59.375,0,54.5,0,0,60.875,0,59.375,0,0,52.625,48.25,0,0,55.25,0
347,High,71.25,83.75,0,0,73.5,78.875,0,62.625,0,85.25,0,0,0,0,0,0,0,82,84.75,80.25,0,0,0
348,High,60.5,59.5,0,0,46.125,53.875,0,65.375,0,53,0,0,64.375,0,0,0,0,49.75,60.25,0,0,64.375,0
349,High,0,87.75,0,0,77.375,76.625,0,60.75,0,77.75,82.125,77.375,78.25,0,0,0,0,75.625,78.75,77.875,0,83.125,0
350,Medium,0,52,0,0,41.75,42.875,0,63.25,0,42.125,50,52.875,0,0,0,0,0,41.375,39,52.75,0,50.25,0
351,High,55.5,53.75,0,0,56.125,54.375,0,59.5,0,53.125,0,59.375,0,0,55.75,0,0,57.5,45.25,0,0,0,0
352,High,0,58.125,0,0,48.5,53,0,59.5,0,49.875,0,0,57.875,0,61,0,0,53.625,48.25,58.125,0,62.375,0
353,Medium,49.75,53,0,0,41.75,42.5,0,56.875,0,43.25,49.625,0,48.125,0,0,0,0,41.75,39.25,0,0,0,0
354,Medium,57.5,62.75,0,0,46,48.25,0,61.25,0,50.125,0,0,61.25,0,60.875,0,0,54.875,52.875,0,0,58.125,0
355,High,0,83.75,0,0,78.25,80,0,63.5,0,86,0,77.25,0,0,71.875,0,0,81.75,85.25,78,0,70.375,0
356,High,76.125,76.5,0,0,81.125,80.25,0,61,0,84,0,80.25,0,0,0,0,0,76.25,81.5,82.5,0,0,0
357,Medium,57.75,61.375,0,0,49.375,49.75,0,58.75,0,55.375,60.625,60.25,0,0,0,0,0,58,45.875,0,0,60.375,0
358,High,0,80.625,0,0,76.625,78.25,0,63.5,0,78.25,83.625,0,84.75,0,75.25,0,0,83.25,90.125,0,0,0,0
359,Medium,0,48.375,0,0,43.375,41,0,61.25,0,42.75,0,51.625,0,0,52,0,0,38.125,43.5,46,0,51.75,0
360,Medium,45.625,46.875,0,0,45.625,42.125,0,57.125,0,46.5,0,47.875,53.75,0,50.25,0,0,42.375,41.5,0,0,0,0
361,Medium,0,59,0,0,53.5,45.5,0,59.625,0,54.625,0,62.25,0,0,0,0,0,53.375,48.25,0,0,60.75,0
362,High,55.5,60.5,0,0,53.125,56,0,61.25,0,54.125,0,0,0,0,0,0,0,41.125,52,55.75,0,59.125,0
363,Medium,52.5,59.375,0,0,43,42,0,58.375,0,37.625,0,0,48.75,0,0,0,0,43.125,42.625,0,0,49.5,0
364,High,0,81.25,0,0,79.5,78,0,58.875,0,80.875,75.5,81.125,82.375,0,0,0,0,72.125,83,0,0,81.625,0
365,Low,0,58,0,0,57.625,49.75,0,59.25,0,46.375,62.125,55,0,0,63.625,0,0,50.25,45.375,64.25,0,0,0
366,High,0,60.5,0,0,52.25,45.375,0,61.75,0,61.75,56.875,57.625,0,0,0,0,0,59.125,52,61.375,0,61.5,0
367,High,0,53.75,0,0,48.375,46.375,0,57.25,0,51.5,64.5,0,62.875,0,0,0,0,49.5,58.5,58.375,0,56.125,0
368,Medium,0,89.625,0,0,78.375,84.5,0,60,0,86.375,80.25,75,0,0,86.75,0,0,77.75,79.625,79.25,0,0,0
369,High,0,46.75,0,0,40.25,41.25,0,58,0,42.125,50.625,0,0,0,0,0,0,43,45.5,52.75,0,0,0
370,High,0,51.625,0,0,36.375,42.625,0,62.25,0,40.125,0,0,51,0,44.875,0,0,36.625,37.875,0,0,0,0
371,High,83,87.625,0,0,75.5,80.625,0,57.75,0,85,0,0,0,0,79.375,0,0,74.375,76,84.125,0,77.625,0
372,Medium,84.25,57.875,0,0,80.875,81.5,0,63.625,0,73.25,0,0,0,0,0,0,0,74,76.75,81,0,80.125,0
373,High,0,56.5,0,0,54.125,46.125,0,59.25,0,55.625,0,62.75,0,0,0,0,0,46.25,56,61.125,0,58.625,0
374,Medium,0,79.875,0,0,79,73.375,0,61.625,0,83.25,82.375,80.25,0,0,0,0,0,79.75,82,0,0,0,0
375,Medium,0,48.125,0,0,37.375,41.625,0,59.75,0,39,52.625,48.125,52.875,0,0,0,0,36.5,43.625,0,0,44.875,0
376,High,56,53,0,0,38.875,34.75,0,56.625,0,38.625,48.875,52.25,0,0,0,0,0,40.875,43.75,0,0,48.25,0
377,High,63,50,0,0,50.125,49,0,60.375,0,53.375,67.625,0,0,0,0,0,0,50.5,56.5,0,0,0,0
378,Medium,47.625,61.25,0,0,42.75,42,0,62,0,41,50.375,0,0,0,50.25,0,0,40.5,42.25,0,0,0,0
379,High,0,51,0,0,37.125,42.125,0,59.875,0,37.375,0,48.375,0,0,49.25,0,0,41,42.125,48.5,0,47.125,0
380,High,0,48.375,0,0,42.25,35.75,0,56.5,0,39.625,48.5,52.375,46,0,0,0,0,44.25,39.375,53.25,0,0,0
381,Low,0,53.75,0,0,45.375,41.875,0,60.625,0,40.125,0,48.625,51.25,0,51.375,0,0,41.25,41.25,49.875,0,0,0
382,High,44.25,53.75,0,0,42.625,40.375,0,56.625,0,36.625,0,0,52.75,0,0,0,0,44.75,41,49.375,0,50.5,0
383,High,81.5,75.75,0,0,76.75,88.125,0,56.625,0,79.625,0,76.625,77.125,0,0,0,0,79.625,74.625,85.125,0,0,0
384,High,51,51,0,0,40.875,42.5,0,59.875,0,42.125,0,55.75,48.625,0,46.5,0,0,39.875,45.375,51.625,0,0,0
385,Medium,56,57.125,0,0,46.25,55.375,0,58.375,0,50.625,53.25,0,0,0,0,0,0,55.875,51.125,60.5,0,61.5,0
386,High,0,57.625,0,0,43.5,59.25,0,60.625,0,50.75,0,56.375,64.25,0,59.125,0,0,47.75,55.25,0,0,0,0
387,Medium,0,49,0,0,42.875,43.25,0,59,0,39.875,52.625,0,52.5,0,0,0,0,40.5,42.375,0,0,50.125,0
388,High,0,76.25,0,0,75.25,88,0,64.5,0,73.5,75.5,0,0,0,0,0,0,83,82.125,0,0,79,0
389,High,80.375,64.625,0,0,73.375,73.375,0,56.375,0,80,79.875,0,79.875,0,72.25,0,0,68.5,81.125,84.875,0,0,0
390,Medium,0,55.875,0,0,58.75,52.125,0,60.625,0,52.5,0,60.75,57.75,0,0,0,0,47.875,45.875,0,0,58,0
391,Medium,0,53.125,0,0,48,45,0,62.375,0,45.125,49.625,0,48.5,0,0,0,0,47.75,46.125,51.5,0,0,0
392,High,0,61.125,0,0,47.875,57.75,0,61.25,0,55.5,0,0,56.5,0,57.5,0,0,59,46.125,0,0,64.25,0
393,High,0,51.625,0,0,43.25,44.875,0,62.375,0,44,0,52.75,0,0,50.75,0,0,40.5,40,51.75,0,53.5,0
394,Medium,66,61.75,0,0,51.5,53,0,59.375,0,62.25,59.5,62.25,0,0,0,0,0,54.5,48.375,0,0,0,0
395,Medium,71.75,71.625,0,0,73.75,78.625,0,56.875,0,78.5,0,89.5,0,0,0,0,0,74.75,82.125,79.625,0,0,0
396,High,57.625,59.375,0,0,59.875,55.5,0,61.75,0,59.5,0,68.5,0,0,58.25,0,0,51.875,51.125,53,0,64.125,0
397,High,0,59.625,0,0,82.625,81.75,0,60.375,0,79.25,0,0,74.875,0,78.375,0,0,83.625,72,0,0,75.625,0
398,Medium,54.75,50.375,0,0,42.625,38.125,0,62.25,0,45.5,0,0,0,0,50.375,0,0,39.25,44.875,52.25,0,0,0
399,Medium,0,79.875,0,0,79.625,85.75,0,58,0,79.875,0,75.5,0,0,0,0,0,74.625,79.875,83.375,0,0,0
400,Medium,83.125,79.125,0,0,79.625,93.125,0,62.75,0,79.625,0,0,78.625,0,81.125,0,0,80.25,81,83.875,0,0,0
401,High,0,80.25,0,0,76.875,83.25,0,63,0,76.5,0,0,0,0,80.875,0,0,79.25,81.125,0,0,76.75,0
402,High,0,74.5,0,0,76.375,81.625,0,57.75,0,84,80.625,0,0,0,81.625,0,0,82,84.25,0,0,83.5,0
403,High,50.5,47.5,0,0,44.25,43.625,0,62.375,0,40.5,48.125,50.875,48.625,0,0,0,0,37.75,39.625,0,0,0,0
404,High,48.75,59.625,0,0,40,44.5,0,64.25,0,43.375,0,0,0,0,45.25,0,0,42.375,43,50.75,0,0,0
405,High,52.75,60.75,0,0,47.375,41.625,0,57.125,0,41.25,0,0,0,0,50.125,0,0,35,43.25,0,0,50.875,0
406,Medium,0,51,0,0,39.75,42.125,0,58.625,0,37,0,0,0,0,0,0,0,43.625,41.5,53.125,0,49.625,0
407,Medium,0,59.875,0,0,42,48.5,0,64,0,50.875,0,59.875,0,0,62,0,0,52,54.75,63.625,0,58.375,0
408,High,81.5,80.125,0,0,78.375,75.25,0,61.5,0,80.125,82.375,81.25,0,0,0,0,0,82.75,85.625,0,0,76.125,0
409,Medium,78.75,79.875,0,0,78.5,81.375,0,60.625,0,77.5,0,0,0,0,78.5,0,0,72.75,84.375,81.375,0,82.25,0
410,Medium,0,50,0,0,41.25,43.125,0,60.375,0,38.25,0,53.375,0,0,0,0,0,40.125,43.75,45.375,0,49.625,0
411,High,0,73.125,0,0,89.875,75,0,64,0,77.75,79.125,0,0,0,84.75,0,0,82.75,85.125,0,0,83.25,0
412,High,0,80.25,0,0,78,83.75,0,63.875,0,77,75.5,88.5,0,0,77.25,0,0,84.875,84,70.125,0,0,0
413,Medium,0,50.125,0,0,43.25,40.875,0,63.5,0,41.75,0,0,52.875,0,47.125,0,0,41.625,40.625,49.25,0,50.25,0
414,High,0,72,0,0,57.25,53,0,60.625,0,43.125,0,59.625,0,0,62.625,0,0,55.875,45.25,0,0,0,0
415,High,0,47.125,0,0,42.375,42,0,58.625,0,45.875,50.125,50.125,0,0,45.875,0,0,41.875,35.625,0,0,0,0
416,Medium,0,49,0,0,39,39,0,61.375,0,40.375,52,0,0,0,0,0,0,39.75,35.875,51,0,0,0
417,High,0,62.375,0,0,81,80.875,0,59.5,0,79,0,0,77.5,0,0,0,0,91.5,87.5,75.625,0,79,0
418,High,80.375,62.5,0,0,88.125,76.5,0,60.5,0,81.875,83.125,0,78.375,0,0,0,0,80.125,83.625,74.875,0,0,0
419,Medium,79.75,76.375,0,0,77.75,77.5,0,62.25,0,83,0,0,86.5,0,74.375,0,0,83,73.875,0,0,83.5,0
420,Medium,0,51.25,0,0,39.625,40.375,0,58.875,0,42.25,0,53.25,51.5,0,0,0,0,40.75,46.125,52.375,0,0,0
421,High,0,63,0,0,56.875,47.375,0,60.875,0,56.125,61.125,63.25,64.25,0,0,0,0,44.625,49.75,60.375,0,0,0
422,High,0,51.5,0,0,37.375,40.75,0,62.25,0,41,54,49,0,0,0,0,0,47.75,38.5,0,0,48.625,0
423,High,0,52,0,0,41.625,41.5,0,60.125,0,44.75,0,47.125,46.75,0,47.125,0,0,41.5,41.25,0,0,0,0
424,High,0,58.5,0,0,45.625,36.625,0,60.875,0,43.75,0,0,47.75,0,0,0,0,42.125,41.25,49.625,0,51.125,0
425,High,0,82.5,0,0,87.25,81.625,0,61.25,0,78.75,77,69.75,0,0,72.125,0,0,82,79,0,0,79,0
426,Medium,50.5,53,0,0,45.625,42,0,57.5,0,44.625,0,0,0,0,0,0,0,46.75,46.5,51,0,0,0
427,High,49.625,48.25,0,0,49.125,51.875,0,59.625,0,51.125,0,0,51.25,0,50.5,0,0,46.125,49.125,0,0,51.875,0
428,High,84.875,76.375,0,0,73,78.125,0,59.125,0,87.375,73.25,79,76.875,0,81.875,0,0,75.75,88.5,0,0,0,0
429,High,79.625,58.625,0,0,81.125,83,0,61.625,0,78.25,0,0,0,0,77.75,0,0,84.375,75,79.75,0,75.25,0
430,High,0,49.875,0,0,40.125,43.75,0,60.875,0,35.375,48.125,54,48.25,0,51.5,0,0,42,45.875,0,0,0,0
431,High,64,61.5,0,0,53.5,56.375,0,61.25,0,59.125,0,0,60.5,0,0,0,0,55.875,57.25,0,0,64.125,0
432,High,0,80.625,0,0,85.625,82.5,0,59.75,0,79.125,77.75,85.375,79.75,0,0,0,0,75.5,80.25,0,0,0,0
433,Medium,0,79.25,0,0,87.625,81.375,0,63.75,0,71.75,90.5,0,0,0,80.25,0,0,75.75,81.25,0,0,0,0
434,High,46,52.375,0,0,47,38,0,63.75,0,43.625,0,0,0,0,52.875,0,0,43.25,41,52.125,0,0,0
435,Medium,0,57.375,0,0,48.5,59.375,0,63.375,0,51.875,57.875,58,0,0,0,0,0,54,47.125,63.5,0,57.375,0
436,Medium,0,52.625,0,0,38.875,40.875,0,56.875,0,43,0,0,0,0,49.125,0,0,41.5,46.625,52.75,0,52.75,0
437,Medium,76.75,78,0,0,77.875,79,0,62.75,0,83.125,0,82.375,76.25,0,0,0,0,78.875,86.125,0,0,0,0
438,Medium,83.125,56.125,0,0,80,77.375,0,58.75,0,78,0,0,83,0,82,0,0,84.625,74.375,83.625,0,0,0
439,Medium,47,52.5,0,0,41.5,42.875,0,62.5,0,38.25,50.875,0,0,0,49.25,0,0,39.875,41.625,49.875,0,0,0
440,High,59.375,58.375,0,0,52.625,57.5,0,60.375,0,47,0,0,0,0,62.75,0,0,60,50.75,61.375,0,58.75,0
441,Medium,0,56.5,0,0,56.625,58.625,0,60.5,0,56.25,65.125,0,0,0,61,0,0,57.75,49.875,0,0,57,0
442,Medium,62.75,59.25,0,0,48,47.5,0,58.75,0,56.875,0,62.375,0,0,60.875,0,0,56.75,48,0,0,62.25,0
443,Medium,53,59.875,0,0,56.875,57.625,0,57.125,0,51,0,0,0,0,0,0,0,62.5,55,66.625,0,55.75,0
444,High,60.5,58,0,0,53.875,48.625,0,62.125,0,54.875,0,57.25,0,0,56.75,0,0,51,49.375,0,0,0,0
445,Medium,0,58,0,0,78,81.25,0,59.5,0,85.625,82,0,77.875,0,79.75,0,0,78.5,82.125,84.5,0,0,0
446,Medium,49.125,59.875,0,0,43.125,41.5,0,60,0,38.75,0,0,48.875,0,50.125,0,0,43.5,38.75,52.5,0,52.25,0
447,Medium,59.25,59,0,0,48.875,58,0,60.25,0,60.75,60.875,0,60.875,0,0,0,0,53.625,57.625,55.25,0,0,0
448,Low,0,58.875,0,0,75.5,82,0,60.25,0,79.625,80.25,0,0,0,83.75,0,0,79.625,83,75.75,0,77,0
449,High,50.5,47.875,0,0,39.375,39.125,0,63,0,43.75,45.5,0,0,0,51.875,0,0,42.375,41.125,0,0,49,0
450,High,0,50.25,0,0,39.625,39.25,0,60.5,0,44.5,46.625,0,48.75,0,0,0,0,41,42.125,0,0,47.375,0
451,Medium,57.25,61.25,0,0,52.375,58.625,0,61.125,0,59,57,61.75,57,0,0,0,0,54.25,54.75,61.375,0,0,0
452,Medium,0,75.25,0,0,83.75,81,0,58.25,0,84.625,73,0,0,0,81.5,0,0,79.125,71.75,0,0,79.625,0
453,High,77.875,78.25,0,0,78.375,71.25,0,58.25,0,72,82.5,77.875,0,0,0,0,0,89.25,75.875,0,0,80.125,0
454,Medium,0,54.625,0,0,39.875,40.125,0,62.375,0,44.125,50.375,0,51.625,0,0,0,0,47.25,40.125,51.125,0,0,0
455,Medium,0,48.625,0,0,44.75,46.625,0,62.25,0,44,52.125,48.5,50,0,49.625,0,0,44,43.75,0,0,0,0
456,Medium,0,53.5,0,0,40.75,38.125,0,59.125,0,37.75,48.25,51.5,0,0,0,0,0,41.25,41.375,0,0,0,0
457,Medium,0,62.25,0,0,43.125,39.75,0,65.25,0,41.5,53.5,0,50.375,0,52.375,0,0,45.25,37.875,50.25,0,0,0
458,Medium,0,49.375,0,0,38.375,51.125,0,57.75,0,40.75,0,0,0,0,53.125,0,0,40.75,43.25,48.75,0,0,0
459,Medium,79.25,84.375,0,0,71.625,82.75,0,64.625,0,77.75,0,80.875,83.375,0,0,0,0,78.375,83.5,0,0,79,0
460,High,74.375,59.75,0,0,77.75,76.375,0,59.375,0,82.375,0,0,84.125,0,0,0,0,75.625,88.875,79.25,0,0,0
461,Medium,0,63,0,0,39.375,39.375,0,65.25,0,43.25,47.375,0,0,0,0,0,0,40.625,40.875,49.625,0,46.75,0
462,High,89.25,81.375,0,0,80.875,82.75,0,62.125,0,82.75,73.875,0,0,0,0,0,0,77.75,83.125,85.25,0,74.875,0
463,Medium,0,49.75,0,0,43.625,38.375,0,61.375,0,44.125,52.5,49.375,0,0,0,0,0,42.75,41.5,0,0,48.625,0
464,High,50.125,52.125,0,0,39,43.625,0,60.875,0,41.125,51,51.25,0,0,0,0,0,39.75,46.5,48,0,47.125,0
465,High,87.875,85.5,0,0,71.125,81,0,60.625,0,83.75,0,72.75,0,0,0,0,0,81.25,78.125,79.375,0,78.75,0
466,Medium,46.625,61.875,0,0,43.75,42.5,0,59,0,40.375,0,0,0,0,0,0,0,43.125,45.375,46.125,0,49.25,0
467,Medium,81.375,75.25,0,0,88.25,82.125,0,59,0,78.875,84.375,0,0,0,84.875,0,0,85.625,78.25,0,0,0,0
468,High,84,57.375,0,0,87.375,73.75,0,60,0,77.5,0,0,88.625,0,0,0,0,82.125,85.5,0,0,82,0
469,High,0,76,0,0,69.5,78.5,0,58.625,0,83.75,0,78.75,0,0,79.25,0,0,84.375,70.125,76.5,0,79.25,0
470,High,0,62.5,0,0,84.5,86.375,0,58.375,0,80,75.625,0,0,0,77.875,0,0,75.625,75.25,0,0,76.25,0
471,Medium,0,60.25,0,0,53.5,54.5,0,62.75,0,55.25,0,63.375,56.5,0,0,0,0,50.25,51.75,53.5,0,61.375,0
472,High,0,53.625,0,0,42.125,41.25,0,60,0,46.25,0,0,51.5,0,0,0,0,41,41.5,49.75,0,0,0
473,Medium,0,52.25,0,0,38.75,38.625,0,62.125,0,40.125,49.875,0,51.625,0,49.875,0,0,40.25,44.375,0,0,49.5,0
474,Medium,53.375,60.125,0,0,47,48.25,0,64,0,51.875,55.625,0,0,0,0,0,0,59.25,55.75,61.25,0,60,0
475,High,84.375,76.75,0,0,79.75,86.375,0,63,0,86,79.125,82.25,0,0,81.375,0,0,79.375,83.375,80.25,0,0,0
476,Medium,0,72.75,0,0,73,73.875,0,60,0,77,81.5,86.125,74.875,0,68.625,0,0,79.375,77.375,0,0,0,0
477,High,0,73.75,0,0,75.125,83.375,0,57.5,0,78.875,0,0,0,0,0,0,0,84.375,83.375,78.375,0,81.5,0
478,Medium,53.75,47.5,0,0,41.25,45.5,0,56.625,0,39.5,44.875,0,54,0,0,0,0,43,44.25,0,0,0,0
479,High,0,83.375,0,0,80,80.5,0,59,0,77.25,87,77.125,0,0,84,0,0,81.625,84.875,87.625,0,0,0
480,Medium,78.25,79.875,0,0,87.125,83.875,0,61.625,0,77.125,77.75,74.875,79.625,0,0,0,0,80,74.125,0,0,81.875,0
481,Medium,0,54.625,0,0,53.25,52,0,58.375,0,48.25,0,0,62.625,0,0,0,0,46,57.375,55.125,0,0,0
482,High,80.75,61.5,0,0,80.5,84.375,0,62.5,0,86.125,75.5,0,86.5,0,79.25,0,0,80,79.875,0,0,0,0
483,Medium,0,49.25,0,0,41.25,43.5,0,56.75,0,45.375,53.25,52.375,0,0,0,0,0,41.625,37.375,52.125,0,52.375,0
484,High,49,50.375,0,0,43.5,41.75,0,60.375,0,42.875,0,48,49.625,0,0,0,0,39.75,42.375,48.625,0,0,0
485,High,0,59.875,0,0,52.375,44.25,0,61.125,0,58.5,61.375,60.75,0,0,60.5,0,0,54,50,0,0,67.125,0
486,High,0,82.25,0,0,85.5,79,0,59.5,0,77.25,76.625,77.5,82.25,0,0,0,0,83.75,87.75,0,0,0,0
487,Medium,0,58.875,0,0,41.125,43.25,0,59.125,0,40.375,44.875,0,49.125,0,0,0,0,41.875,43.25,50.25,0,0,0
488,Medium,64.875,55.5,0,0,57,60.75,0,56,0,52.5,0,62.25,56,0,0,0,0,53.125,53.75,0,0,0,0
489,Medium,77.75,60.25,0,0,80.75,71.75,0,61.75,0,81.75,76,0,0,0,82.125,0,0,80,79.75,0,0,82.875,0
490,Medium,77.25,61.375,0,0,77,81.75,0,58.875,0,78.875,0,0,79.875,0,0,0,0,81,82.375,82.875,0,0,0
491,High,0,50,0,0,38.375,41.75,0,58.125,0,41.375,0,51,0,0,48.75,0,0,43.5,44.875,0,0,51.25,0
492,High,0,62.5,0,0,81.5,78,0,57.125,0,83.625,77.625,0,79.5,0,83.25,0,0,78.125,76.375,0,0,0,0
493,High,66.5,56.125,0,0,53.375,51.75,0,61.125,0,48.5,0,0,0,0,56.625,0,0,54,51.75,66,0,60.75,0
494,High,58,60.375,0,0,53.75,55.75,0,60.25,0,51.25,0,58.5,0,0,0,0,0,50.75,48.5,59.875,0,57,0
495,Medium,0,48.5,0,0,38.5,44.125,0,58.5,0,41.875,0,0,0,0,0,0,0,41,41.875,48.625,0,50.25,0
496,Medium,78.5,77.625,0,0,80.125,77.5,0,56.375,0,82.5,0,84,82.75,0,0,0,0,81,84.5,0,0,0,0
497,High,52.5,59,0,0,38.75,43.5,0,62.25,0,40.375,0,0,0,0,51.5,0,0,38,39,0,0,48.75,0
498,Medium,0,47.125,0,0,41.875,41,0,63.5,0,39.125,52.625,49,0,0,48.875,0,0,41.25,40.5,49.625,0,49,0
499,Medium,74.625,75.5,0,0,79.625,76,0,59,0,82.75,73.625,82.375,78,0,0,0,0,86,86.25,76,0,0,0
500,Low,52.625,51,0,0,45.25,41.625,0,62.25,0,43.125,0,0,0,0,49.75,0,0,43.625,41.625,0,0,48.625,0
